,Participant Number,Case Number
2024-01-15_13-18-23,1,1
2024-01-15_13-37-36,1,2
2024-01-15_14-03-23,1,3
2024-01-15_14-32-45,2,1
2024-01-15_15-05-31,2,2
2024-01-15_15-38-13,2,3
2024-01-15_15-58-44,3,1
2024-01-15_16-17-19,3,2
2024-01-15_16-31-26,3,3
2024-01-15_17-37-24,4,1
2024-01-15_17-57-25,4,2
2024-01-15_18-17-18,4,3
2024-01-16_14-30-29,5,1
2024-01-16_15-20-49,5,2
2024-01-16_15-41-03,5,3
2024-01-16_16-03-11,6,1
2024-01-16_16-34-19,6,2
2024-01-16_17-00-33,6,3
2024-01-17_16-04-01,7,1
2024-01-17_16-22-28,7,2
2024-01-17_16-48-38,7,3
2024-01-17_17-09-36,8,1
2024-01-17_18-24-28,8,2
2024-01-17_18-43-42,8,3
2024-01-18_10-40-40,9,1
2024-01-18_10-52-25,9,2
2024-01-18_11-08-40,9,3
2024-01-18_13-11-31,10,1
2024-01-18_13-25-00,10,2
2024-01-18_13-45-41,10,3
2024-01-18_14-39-24,11,1
2024-01-18_14-55-56,11,2
2024-01-18_15-17-27,11,3
2024-01-18_16-55-29,12,1
2024-01-18_17-08-23,12,2
2024-01-18_17-27-09,12,3
2024-01-19_10-36-30,13,1
2024-01-19_10-52-30,13,2
2024-01-19_11-14-25,13,3
2024-01-19_14-38-04,14,1
2024-01-19_14-50-40,14,2
2024-01-19_15-05-38,14,3
2024-01-19_15-40-07,15,1
2024-01-19_15-52-21,15,2
2024-01-19_16-11-05,15,3
2024-01-22_11-03-50,16,1
2024-01-22_11-22-50,16,2
2024-01-22_11-48-10,16,3
2024-01-22_13-18-56,17,1
2024-01-22_13-34-51,17,2
2024-01-22_13-54-13,17,3
2024-01-22_14-27-29,18,1
2024-01-22_14-53-01,18,2
2024-01-22_15-11-58,18,3
2024-01-22_16-51-08,19,1
2024-01-22_17-16-51,19,2
2024-01-22_17-34-58,20,1
2024-01-22_17-56-56,20,2
2024-01-22_18-22-45,20,3
2024-01-23_08-09-57,21,1
2024-01-23_08-23-33,21,2
2024-01-23_08-43-31,21,3
2024-01-23_10-35-15,22,1
2024-01-23_10-57-15,22,2
2024-01-23_11-29-56,22,3
2024-01-23_14-25-29,23,1
2024-01-23_14-50-30,23,2
2024-01-23_15-13-52,23,3
2024-01-23_17-04-42,24,1
2024-01-23_17-25-52,24,2
2024-01-23_17-46-58,24,3
2024-01-24_08-12-33,25,1
2024-01-24_08-28-15,25,2
2024-01-24_08-51-18,25,3
2024-01-24_09-56-13,26,1
2024-01-24_10-10-49,26,2
2024-01-24_10-27-15,26,3
2024-01-24_14-26-36,27,1
2024-01-24_14-44-22,27,2
2024-01-24_15-06-52,27,3
2024-01-24_15-52-33,28,1
2024-01-24_16-04-43,28,2
2024-01-24_16-21-06,28,3
2024-01-24_16-52-58,29,1
2024-01-24_17-19-03,29,2
2024-01-24_17-41-55,29,3
